{
  "best_metric": null,
  "best_model_checkpoint": null,
  "epoch": 2.7235587834770767,
  "eval_steps": 500,
  "global_step": 3000,
  "is_hyper_param_search": false,
  "is_local_process_zero": true,
  "is_world_process_zero": true,
  "log_history": [
    {
      "epoch": 0.009078529278256923,
      "grad_norm": 39.539039611816406,
      "learning_rate": 1.4057311534968212e-05,
      "loss": 1.2397,
      "step": 10
    },
    {
      "epoch": 0.018157058556513846,
      "grad_norm": 34.19036102294922,
      "learning_rate": 1.4014623069936421e-05,
      "loss": 1.134,
      "step": 20
    },
    {
      "epoch": 0.02723558783477077,
      "grad_norm": 23.822717666625977,
      "learning_rate": 1.3971934604904633e-05,
      "loss": 0.9502,
      "step": 30
    },
    {
      "epoch": 0.03631411711302769,
      "grad_norm": 68.97225189208984,
      "learning_rate": 1.3929246139872842e-05,
      "loss": 1.0222,
      "step": 40
    },
    {
      "epoch": 0.04539264639128461,
      "grad_norm": 11.854385375976562,
      "learning_rate": 1.3886557674841053e-05,
      "loss": 0.8435,
      "step": 50
    },
    {
      "epoch": 0.05447117566954154,
      "grad_norm": 13.05383014678955,
      "learning_rate": 1.3843869209809265e-05,
      "loss": 0.8136,
      "step": 60
    },
    {
      "epoch": 0.06354970494779846,
      "grad_norm": 25.008419036865234,
      "learning_rate": 1.3801180744777474e-05,
      "loss": 0.9224,
      "step": 70
    },
    {
      "epoch": 0.07262823422605538,
      "grad_norm": 33.474952697753906,
      "learning_rate": 1.3758492279745687e-05,
      "loss": 0.8329,
      "step": 80
    },
    {
      "epoch": 0.0817067635043123,
      "grad_norm": 24.184982299804688,
      "learning_rate": 1.3715803814713897e-05,
      "loss": 0.8138,
      "step": 90
    },
    {
      "epoch": 0.09078529278256922,
      "grad_norm": 20.47835922241211,
      "learning_rate": 1.3673115349682108e-05,
      "loss": 0.726,
      "step": 100
    },
    {
      "epoch": 0.09986382206082614,
      "grad_norm": 4.872010231018066,
      "learning_rate": 1.363042688465032e-05,
      "loss": 0.6398,
      "step": 110
    },
    {
      "epoch": 0.10894235133908307,
      "grad_norm": 15.447591781616211,
      "learning_rate": 1.3587738419618529e-05,
      "loss": 0.7228,
      "step": 120
    },
    {
      "epoch": 0.11802088061734,
      "grad_norm": 4.073343753814697,
      "learning_rate": 1.354504995458674e-05,
      "loss": 0.6049,
      "step": 130
    },
    {
      "epoch": 0.12709940989559693,
      "grad_norm": 7.871086597442627,
      "learning_rate": 1.350236148955495e-05,
      "loss": 0.578,
      "step": 140
    },
    {
      "epoch": 0.13617793917385385,
      "grad_norm": 8.307877540588379,
      "learning_rate": 1.3459673024523161e-05,
      "loss": 0.5039,
      "step": 150
    },
    {
      "epoch": 0.14525646845211077,
      "grad_norm": 4.879344940185547,
      "learning_rate": 1.3416984559491372e-05,
      "loss": 0.4588,
      "step": 160
    },
    {
      "epoch": 0.15433499773036768,
      "grad_norm": 14.770195007324219,
      "learning_rate": 1.3374296094459582e-05,
      "loss": 0.406,
      "step": 170
    },
    {
      "epoch": 0.1634135270086246,
      "grad_norm": 7.5695977210998535,
      "learning_rate": 1.3331607629427793e-05,
      "loss": 0.3978,
      "step": 180
    },
    {
      "epoch": 0.17249205628688152,
      "grad_norm": 4.7925567626953125,
      "learning_rate": 1.3288919164396004e-05,
      "loss": 0.3072,
      "step": 190
    },
    {
      "epoch": 0.18157058556513844,
      "grad_norm": 13.868081092834473,
      "learning_rate": 1.3246230699364214e-05,
      "loss": 0.3574,
      "step": 200
    },
    {
      "epoch": 0.19064911484339536,
      "grad_norm": 11.663741111755371,
      "learning_rate": 1.3203542234332425e-05,
      "loss": 0.2888,
      "step": 210
    },
    {
      "epoch": 0.19972764412165228,
      "grad_norm": 4.649725437164307,
      "learning_rate": 1.3160853769300637e-05,
      "loss": 0.293,
      "step": 220
    },
    {
      "epoch": 0.20880617339990923,
      "grad_norm": 6.534615993499756,
      "learning_rate": 1.3118165304268848e-05,
      "loss": 0.2305,
      "step": 230
    },
    {
      "epoch": 0.21788470267816615,
      "grad_norm": 9.543164253234863,
      "learning_rate": 1.3075476839237059e-05,
      "loss": 0.267,
      "step": 240
    },
    {
      "epoch": 0.22696323195642307,
      "grad_norm": 10.344285011291504,
      "learning_rate": 1.3032788374205269e-05,
      "loss": 0.2885,
      "step": 250
    },
    {
      "epoch": 0.23604176123468,
      "grad_norm": 6.081170558929443,
      "learning_rate": 1.299009990917348e-05,
      "loss": 0.2198,
      "step": 260
    },
    {
      "epoch": 0.2451202905129369,
      "grad_norm": 5.799492359161377,
      "learning_rate": 1.294741144414169e-05,
      "loss": 0.2239,
      "step": 270
    },
    {
      "epoch": 0.25419881979119385,
      "grad_norm": 9.557883262634277,
      "learning_rate": 1.29047229791099e-05,
      "loss": 0.2044,
      "step": 280
    },
    {
      "epoch": 0.2632773490694508,
      "grad_norm": 3.698179244995117,
      "learning_rate": 1.2862034514078112e-05,
      "loss": 0.177,
      "step": 290
    },
    {
      "epoch": 0.2723558783477077,
      "grad_norm": 4.098300457000732,
      "learning_rate": 1.2819346049046322e-05,
      "loss": 0.2102,
      "step": 300
    },
    {
      "epoch": 0.2814344076259646,
      "grad_norm": 5.567857265472412,
      "learning_rate": 1.2776657584014533e-05,
      "loss": 0.1904,
      "step": 310
    },
    {
      "epoch": 0.29051293690422153,
      "grad_norm": 6.405126094818115,
      "learning_rate": 1.2733969118982742e-05,
      "loss": 0.2176,
      "step": 320
    },
    {
      "epoch": 0.29959146618247845,
      "grad_norm": 2.8770768642425537,
      "learning_rate": 1.2691280653950954e-05,
      "loss": 0.1501,
      "step": 330
    },
    {
      "epoch": 0.30866999546073537,
      "grad_norm": 6.490203857421875,
      "learning_rate": 1.2648592188919165e-05,
      "loss": 0.1931,
      "step": 340
    },
    {
      "epoch": 0.3177485247389923,
      "grad_norm": 5.01226282119751,
      "learning_rate": 1.2605903723887375e-05,
      "loss": 0.2063,
      "step": 350
    },
    {
      "epoch": 0.3268270540172492,
      "grad_norm": 4.46677827835083,
      "learning_rate": 1.2563215258855586e-05,
      "loss": 0.138,
      "step": 360
    },
    {
      "epoch": 0.3359055832955061,
      "grad_norm": 3.3217806816101074,
      "learning_rate": 1.2520526793823797e-05,
      "loss": 0.1611,
      "step": 370
    },
    {
      "epoch": 0.34498411257376305,
      "grad_norm": 4.496366024017334,
      "learning_rate": 1.2477838328792008e-05,
      "loss": 0.1158,
      "step": 380
    },
    {
      "epoch": 0.35406264185201997,
      "grad_norm": 6.944441795349121,
      "learning_rate": 1.243514986376022e-05,
      "loss": 0.1708,
      "step": 390
    },
    {
      "epoch": 0.3631411711302769,
      "grad_norm": 8.345236778259277,
      "learning_rate": 1.239246139872843e-05,
      "loss": 0.1137,
      "step": 400
    },
    {
      "epoch": 0.3722197004085338,
      "grad_norm": 3.8502726554870605,
      "learning_rate": 1.234977293369664e-05,
      "loss": 0.1314,
      "step": 410
    },
    {
      "epoch": 0.3812982296867907,
      "grad_norm": 6.000528812408447,
      "learning_rate": 1.230708446866485e-05,
      "loss": 0.1538,
      "step": 420
    },
    {
      "epoch": 0.39037675896504764,
      "grad_norm": 14.836928367614746,
      "learning_rate": 1.2264396003633061e-05,
      "loss": 0.1573,
      "step": 430
    },
    {
      "epoch": 0.39945528824330456,
      "grad_norm": 5.079531192779541,
      "learning_rate": 1.2221707538601273e-05,
      "loss": 0.1632,
      "step": 440
    },
    {
      "epoch": 0.4085338175215615,
      "grad_norm": 3.679806709289551,
      "learning_rate": 1.2179019073569482e-05,
      "loss": 0.184,
      "step": 450
    },
    {
      "epoch": 0.41761234679981846,
      "grad_norm": 3.190991163253784,
      "learning_rate": 1.2136330608537693e-05,
      "loss": 0.1081,
      "step": 460
    },
    {
      "epoch": 0.4266908760780754,
      "grad_norm": 2.079521894454956,
      "learning_rate": 1.2093642143505903e-05,
      "loss": 0.0948,
      "step": 470
    },
    {
      "epoch": 0.4357694053563323,
      "grad_norm": 3.0845532417297363,
      "learning_rate": 1.2050953678474114e-05,
      "loss": 0.1082,
      "step": 480
    },
    {
      "epoch": 0.4448479346345892,
      "grad_norm": 5.73867654800415,
      "learning_rate": 1.2008265213442325e-05,
      "loss": 0.14,
      "step": 490
    },
    {
      "epoch": 0.45392646391284613,
      "grad_norm": 4.264471530914307,
      "learning_rate": 1.1965576748410535e-05,
      "loss": 0.134,
      "step": 500
    },
    {
      "epoch": 0.45392646391284613,
      "eval_accuracy": 0.9642911181721895,
      "eval_loss": 0.09347795695066452,
      "eval_runtime": 391.5425,
      "eval_samples_per_second": 16.879,
      "eval_steps_per_second": 2.112,
      "step": 500
    },
    {
      "epoch": 0.46300499319110305,
      "grad_norm": 2.6435952186584473,
      "learning_rate": 1.1922888283378748e-05,
      "loss": 0.1254,
      "step": 510
    },
    {
      "epoch": 0.47208352246936,
      "grad_norm": 5.168944835662842,
      "learning_rate": 1.1880199818346958e-05,
      "loss": 0.0929,
      "step": 520
    },
    {
      "epoch": 0.4811620517476169,
      "grad_norm": 2.8964908123016357,
      "learning_rate": 1.1837511353315169e-05,
      "loss": 0.1093,
      "step": 530
    },
    {
      "epoch": 0.4902405810258738,
      "grad_norm": 3.172071695327759,
      "learning_rate": 1.179482288828338e-05,
      "loss": 0.1443,
      "step": 540
    },
    {
      "epoch": 0.49931911030413073,
      "grad_norm": 5.126569747924805,
      "learning_rate": 1.175213442325159e-05,
      "loss": 0.1257,
      "step": 550
    },
    {
      "epoch": 0.5083976395823877,
      "grad_norm": 2.681398868560791,
      "learning_rate": 1.1709445958219801e-05,
      "loss": 0.1068,
      "step": 560
    },
    {
      "epoch": 0.5174761688606446,
      "grad_norm": 4.605503559112549,
      "learning_rate": 1.1666757493188012e-05,
      "loss": 0.0769,
      "step": 570
    },
    {
      "epoch": 0.5265546981389015,
      "grad_norm": 4.842824935913086,
      "learning_rate": 1.1624069028156222e-05,
      "loss": 0.1162,
      "step": 580
    },
    {
      "epoch": 0.5356332274171585,
      "grad_norm": 2.2784740924835205,
      "learning_rate": 1.1581380563124433e-05,
      "loss": 0.0967,
      "step": 590
    },
    {
      "epoch": 0.5447117566954154,
      "grad_norm": 3.436927318572998,
      "learning_rate": 1.1538692098092643e-05,
      "loss": 0.0914,
      "step": 600
    },
    {
      "epoch": 0.5537902859736723,
      "grad_norm": 4.420546054840088,
      "learning_rate": 1.1496003633060854e-05,
      "loss": 0.0931,
      "step": 610
    },
    {
      "epoch": 0.5628688152519292,
      "grad_norm": 2.8041253089904785,
      "learning_rate": 1.1453315168029065e-05,
      "loss": 0.0983,
      "step": 620
    },
    {
      "epoch": 0.5719473445301861,
      "grad_norm": 6.872008323669434,
      "learning_rate": 1.1410626702997275e-05,
      "loss": 0.0787,
      "step": 630
    },
    {
      "epoch": 0.5810258738084431,
      "grad_norm": 1.6005713939666748,
      "learning_rate": 1.1367938237965486e-05,
      "loss": 0.102,
      "step": 640
    },
    {
      "epoch": 0.5901044030867,
      "grad_norm": 6.000500202178955,
      "learning_rate": 1.1325249772933697e-05,
      "loss": 0.0938,
      "step": 650
    },
    {
      "epoch": 0.5991829323649569,
      "grad_norm": 5.405952453613281,
      "learning_rate": 1.1282561307901909e-05,
      "loss": 0.1091,
      "step": 660
    },
    {
      "epoch": 0.6082614616432138,
      "grad_norm": 3.251094102859497,
      "learning_rate": 1.123987284287012e-05,
      "loss": 0.0642,
      "step": 670
    },
    {
      "epoch": 0.6173399909214707,
      "grad_norm": 1.3120862245559692,
      "learning_rate": 1.119718437783833e-05,
      "loss": 0.0848,
      "step": 680
    },
    {
      "epoch": 0.6264185201997277,
      "grad_norm": 2.023855686187744,
      "learning_rate": 1.115449591280654e-05,
      "loss": 0.0999,
      "step": 690
    },
    {
      "epoch": 0.6354970494779846,
      "grad_norm": 8.550902366638184,
      "learning_rate": 1.111180744777475e-05,
      "loss": 0.1179,
      "step": 700
    },
    {
      "epoch": 0.6445755787562415,
      "grad_norm": 2.6522018909454346,
      "learning_rate": 1.1069118982742961e-05,
      "loss": 0.0623,
      "step": 710
    },
    {
      "epoch": 0.6536541080344984,
      "grad_norm": 3.654181718826294,
      "learning_rate": 1.1026430517711173e-05,
      "loss": 0.0828,
      "step": 720
    },
    {
      "epoch": 0.6627326373127553,
      "grad_norm": 1.6982955932617188,
      "learning_rate": 1.0983742052679382e-05,
      "loss": 0.0804,
      "step": 730
    },
    {
      "epoch": 0.6718111665910123,
      "grad_norm": 5.0417160987854,
      "learning_rate": 1.0941053587647594e-05,
      "loss": 0.1311,
      "step": 740
    },
    {
      "epoch": 0.6808896958692692,
      "grad_norm": 2.1287765502929688,
      "learning_rate": 1.0898365122615803e-05,
      "loss": 0.0754,
      "step": 750
    },
    {
      "epoch": 0.6899682251475261,
      "grad_norm": 0.9661792516708374,
      "learning_rate": 1.0855676657584014e-05,
      "loss": 0.101,
      "step": 760
    },
    {
      "epoch": 0.699046754425783,
      "grad_norm": 2.8727493286132812,
      "learning_rate": 1.0812988192552226e-05,
      "loss": 0.0628,
      "step": 770
    },
    {
      "epoch": 0.7081252837040399,
      "grad_norm": 1.552592158317566,
      "learning_rate": 1.0770299727520435e-05,
      "loss": 0.0644,
      "step": 780
    },
    {
      "epoch": 0.7172038129822969,
      "grad_norm": 1.2236133813858032,
      "learning_rate": 1.0727611262488647e-05,
      "loss": 0.0708,
      "step": 790
    },
    {
      "epoch": 0.7262823422605538,
      "grad_norm": 2.4519617557525635,
      "learning_rate": 1.0684922797456858e-05,
      "loss": 0.0797,
      "step": 800
    },
    {
      "epoch": 0.7353608715388107,
      "grad_norm": 2.7427101135253906,
      "learning_rate": 1.0642234332425069e-05,
      "loss": 0.0553,
      "step": 810
    },
    {
      "epoch": 0.7444394008170676,
      "grad_norm": 1.6592403650283813,
      "learning_rate": 1.059954586739328e-05,
      "loss": 0.0202,
      "step": 820
    },
    {
      "epoch": 0.7535179300953245,
      "grad_norm": 2.1423561573028564,
      "learning_rate": 1.055685740236149e-05,
      "loss": 0.0965,
      "step": 830
    },
    {
      "epoch": 0.7625964593735814,
      "grad_norm": 2.410452127456665,
      "learning_rate": 1.0514168937329701e-05,
      "loss": 0.1188,
      "step": 840
    },
    {
      "epoch": 0.7716749886518384,
      "grad_norm": 3.715482473373413,
      "learning_rate": 1.047148047229791e-05,
      "loss": 0.0856,
      "step": 850
    },
    {
      "epoch": 0.7807535179300953,
      "grad_norm": 2.0182840824127197,
      "learning_rate": 1.0428792007266122e-05,
      "loss": 0.0595,
      "step": 860
    },
    {
      "epoch": 0.7898320472083522,
      "grad_norm": 2.877674102783203,
      "learning_rate": 1.0386103542234333e-05,
      "loss": 0.1212,
      "step": 870
    },
    {
      "epoch": 0.7989105764866091,
      "grad_norm": 1.7950180768966675,
      "learning_rate": 1.0343415077202543e-05,
      "loss": 0.0884,
      "step": 880
    },
    {
      "epoch": 0.807989105764866,
      "grad_norm": 2.4976632595062256,
      "learning_rate": 1.0300726612170754e-05,
      "loss": 0.0646,
      "step": 890
    },
    {
      "epoch": 0.817067635043123,
      "grad_norm": 6.588433265686035,
      "learning_rate": 1.0258038147138965e-05,
      "loss": 0.106,
      "step": 900
    },
    {
      "epoch": 0.8261461643213799,
      "grad_norm": 0.7812097072601318,
      "learning_rate": 1.0215349682107175e-05,
      "loss": 0.0708,
      "step": 910
    },
    {
      "epoch": 0.8352246935996369,
      "grad_norm": 1.3812472820281982,
      "learning_rate": 1.0172661217075386e-05,
      "loss": 0.0627,
      "step": 920
    },
    {
      "epoch": 0.8443032228778938,
      "grad_norm": 1.9392383098602295,
      "learning_rate": 1.0129972752043596e-05,
      "loss": 0.0724,
      "step": 930
    },
    {
      "epoch": 0.8533817521561508,
      "grad_norm": 0.16588622331619263,
      "learning_rate": 1.0087284287011809e-05,
      "loss": 0.07,
      "step": 940
    },
    {
      "epoch": 0.8624602814344077,
      "grad_norm": 1.138164758682251,
      "learning_rate": 1.004459582198002e-05,
      "loss": 0.0464,
      "step": 950
    },
    {
      "epoch": 0.8715388107126646,
      "grad_norm": 3.4760260581970215,
      "learning_rate": 1.000190735694823e-05,
      "loss": 0.0609,
      "step": 960
    },
    {
      "epoch": 0.8806173399909215,
      "grad_norm": 6.612634181976318,
      "learning_rate": 9.95921889191644e-06,
      "loss": 0.1359,
      "step": 970
    },
    {
      "epoch": 0.8896958692691784,
      "grad_norm": 23.246652603149414,
      "learning_rate": 9.91653042688465e-06,
      "loss": 0.1075,
      "step": 980
    },
    {
      "epoch": 0.8987743985474353,
      "grad_norm": 4.068248748779297,
      "learning_rate": 9.873841961852862e-06,
      "loss": 0.0988,
      "step": 990
    },
    {
      "epoch": 0.9078529278256923,
      "grad_norm": 2.055447578430176,
      "learning_rate": 9.831153496821073e-06,
      "loss": 0.0571,
      "step": 1000
    },
    {
      "epoch": 0.9078529278256923,
      "eval_accuracy": 0.9795733091239219,
      "eval_loss": 0.05325964838266373,
      "eval_runtime": 391.5465,
      "eval_samples_per_second": 16.879,
      "eval_steps_per_second": 2.112,
      "step": 1000
    },
    {
      "epoch": 0.9169314571039492,
      "grad_norm": 1.4051909446716309,
      "learning_rate": 9.788465031789283e-06,
      "loss": 0.0748,
      "step": 1010
    },
    {
      "epoch": 0.9260099863822061,
      "grad_norm": 2.329227924346924,
      "learning_rate": 9.745776566757494e-06,
      "loss": 0.0572,
      "step": 1020
    },
    {
      "epoch": 0.935088515660463,
      "grad_norm": 5.065933704376221,
      "learning_rate": 9.703088101725703e-06,
      "loss": 0.0782,
      "step": 1030
    },
    {
      "epoch": 0.94416704493872,
      "grad_norm": 0.8918073773384094,
      "learning_rate": 9.660399636693915e-06,
      "loss": 0.0625,
      "step": 1040
    },
    {
      "epoch": 0.9532455742169769,
      "grad_norm": 1.7492021322250366,
      "learning_rate": 9.617711171662126e-06,
      "loss": 0.0453,
      "step": 1050
    },
    {
      "epoch": 0.9623241034952338,
      "grad_norm": 1.2504206895828247,
      "learning_rate": 9.575022706630335e-06,
      "loss": 0.0571,
      "step": 1060
    },
    {
      "epoch": 0.9714026327734907,
      "grad_norm": 1.5636900663375854,
      "learning_rate": 9.532334241598547e-06,
      "loss": 0.1019,
      "step": 1070
    },
    {
      "epoch": 0.9804811620517476,
      "grad_norm": 5.709163665771484,
      "learning_rate": 9.489645776566756e-06,
      "loss": 0.0432,
      "step": 1080
    },
    {
      "epoch": 0.9895596913300045,
      "grad_norm": 2.207098960876465,
      "learning_rate": 9.44695731153497e-06,
      "loss": 0.0589,
      "step": 1090
    },
    {
      "epoch": 0.9986382206082615,
      "grad_norm": 9.282581329345703,
      "learning_rate": 9.40426884650318e-06,
      "loss": 0.0812,
      "step": 1100
    },
    {
      "epoch": 1.0077167498865185,
      "grad_norm": 3.83939528465271,
      "learning_rate": 9.36158038147139e-06,
      "loss": 0.0334,
      "step": 1110
    },
    {
      "epoch": 1.0167952791647754,
      "grad_norm": 3.532292366027832,
      "learning_rate": 9.318891916439601e-06,
      "loss": 0.0742,
      "step": 1120
    },
    {
      "epoch": 1.0258738084430323,
      "grad_norm": 0.5866235494613647,
      "learning_rate": 9.276203451407811e-06,
      "loss": 0.0639,
      "step": 1130
    },
    {
      "epoch": 1.0349523377212893,
      "grad_norm": 1.0276918411254883,
      "learning_rate": 9.233514986376022e-06,
      "loss": 0.0435,
      "step": 1140
    },
    {
      "epoch": 1.0440308669995462,
      "grad_norm": 3.0425000190734863,
      "learning_rate": 9.190826521344233e-06,
      "loss": 0.0768,
      "step": 1150
    },
    {
      "epoch": 1.053109396277803,
      "grad_norm": 1.8064382076263428,
      "learning_rate": 9.148138056312443e-06,
      "loss": 0.0661,
      "step": 1160
    },
    {
      "epoch": 1.06218792555606,
      "grad_norm": 2.3024284839630127,
      "learning_rate": 9.105449591280654e-06,
      "loss": 0.0974,
      "step": 1170
    },
    {
      "epoch": 1.071266454834317,
      "grad_norm": 3.828892469406128,
      "learning_rate": 9.062761126248864e-06,
      "loss": 0.0542,
      "step": 1180
    },
    {
      "epoch": 1.0803449841125738,
      "grad_norm": 8.910839080810547,
      "learning_rate": 9.020072661217075e-06,
      "loss": 0.0772,
      "step": 1190
    },
    {
      "epoch": 1.0894235133908308,
      "grad_norm": 1.0689514875411987,
      "learning_rate": 8.977384196185286e-06,
      "loss": 0.0982,
      "step": 1200
    },
    {
      "epoch": 1.0985020426690877,
      "grad_norm": 3.9138314723968506,
      "learning_rate": 8.934695731153496e-06,
      "loss": 0.0465,
      "step": 1210
    },
    {
      "epoch": 1.1075805719473446,
      "grad_norm": 2.1911840438842773,
      "learning_rate": 8.892007266121707e-06,
      "loss": 0.0333,
      "step": 1220
    },
    {
      "epoch": 1.1166591012256015,
      "grad_norm": 17.49591064453125,
      "learning_rate": 8.849318801089919e-06,
      "loss": 0.1003,
      "step": 1230
    },
    {
      "epoch": 1.1257376305038584,
      "grad_norm": 2.597180128097534,
      "learning_rate": 8.80663033605813e-06,
      "loss": 0.0683,
      "step": 1240
    },
    {
      "epoch": 1.1348161597821154,
      "grad_norm": 0.18156448006629944,
      "learning_rate": 8.763941871026341e-06,
      "loss": 0.0724,
      "step": 1250
    },
    {
      "epoch": 1.1438946890603723,
      "grad_norm": 4.3630690574646,
      "learning_rate": 8.72125340599455e-06,
      "loss": 0.0409,
      "step": 1260
    },
    {
      "epoch": 1.1529732183386292,
      "grad_norm": 0.29371967911720276,
      "learning_rate": 8.678564940962762e-06,
      "loss": 0.0498,
      "step": 1270
    },
    {
      "epoch": 1.1620517476168861,
      "grad_norm": 4.020809173583984,
      "learning_rate": 8.635876475930973e-06,
      "loss": 0.0487,
      "step": 1280
    },
    {
      "epoch": 1.171130276895143,
      "grad_norm": 6.77512788772583,
      "learning_rate": 8.593188010899183e-06,
      "loss": 0.0801,
      "step": 1290
    },
    {
      "epoch": 1.1802088061734,
      "grad_norm": 1.3870924711227417,
      "learning_rate": 8.550499545867394e-06,
      "loss": 0.0344,
      "step": 1300
    },
    {
      "epoch": 1.1892873354516569,
      "grad_norm": 0.8497500419616699,
      "learning_rate": 8.507811080835604e-06,
      "loss": 0.1613,
      "step": 1310
    },
    {
      "epoch": 1.1983658647299138,
      "grad_norm": 0.9585134983062744,
      "learning_rate": 8.465122615803815e-06,
      "loss": 0.0557,
      "step": 1320
    },
    {
      "epoch": 1.2074443940081707,
      "grad_norm": 0.2584916353225708,
      "learning_rate": 8.422434150772026e-06,
      "loss": 0.0846,
      "step": 1330
    },
    {
      "epoch": 1.2165229232864276,
      "grad_norm": 2.049154758453369,
      "learning_rate": 8.379745685740236e-06,
      "loss": 0.1054,
      "step": 1340
    },
    {
      "epoch": 1.2256014525646846,
      "grad_norm": 1.6862224340438843,
      "learning_rate": 8.337057220708447e-06,
      "loss": 0.0736,
      "step": 1350
    },
    {
      "epoch": 1.2346799818429415,
      "grad_norm": 1.4004796743392944,
      "learning_rate": 8.294368755676657e-06,
      "loss": 0.0444,
      "step": 1360
    },
    {
      "epoch": 1.2437585111211984,
      "grad_norm": 2.262537956237793,
      "learning_rate": 8.251680290644868e-06,
      "loss": 0.0453,
      "step": 1370
    },
    {
      "epoch": 1.2528370403994553,
      "grad_norm": 0.24931995570659637,
      "learning_rate": 8.20899182561308e-06,
      "loss": 0.0614,
      "step": 1380
    },
    {
      "epoch": 1.2619155696777122,
      "grad_norm": 5.8902974128723145,
      "learning_rate": 8.16630336058129e-06,
      "loss": 0.0431,
      "step": 1390
    },
    {
      "epoch": 1.2709940989559692,
      "grad_norm": 3.9847593307495117,
      "learning_rate": 8.123614895549502e-06,
      "loss": 0.0485,
      "step": 1400
    },
    {
      "epoch": 1.280072628234226,
      "grad_norm": 0.5189999341964722,
      "learning_rate": 8.080926430517711e-06,
      "loss": 0.0622,
      "step": 1410
    },
    {
      "epoch": 1.289151157512483,
      "grad_norm": 2.0384252071380615,
      "learning_rate": 8.038237965485922e-06,
      "loss": 0.0763,
      "step": 1420
    },
    {
      "epoch": 1.29822968679074,
      "grad_norm": 1.1276284456253052,
      "learning_rate": 7.995549500454134e-06,
      "loss": 0.0208,
      "step": 1430
    },
    {
      "epoch": 1.3073082160689968,
      "grad_norm": 1.2434979677200317,
      "learning_rate": 7.952861035422343e-06,
      "loss": 0.0818,
      "step": 1440
    },
    {
      "epoch": 1.3163867453472538,
      "grad_norm": 0.9084953665733337,
      "learning_rate": 7.910172570390555e-06,
      "loss": 0.0601,
      "step": 1450
    },
    {
      "epoch": 1.3254652746255107,
      "grad_norm": 22.214174270629883,
      "learning_rate": 7.867484105358764e-06,
      "loss": 0.0915,
      "step": 1460
    },
    {
      "epoch": 1.3345438039037676,
      "grad_norm": 0.7009888887405396,
      "learning_rate": 7.824795640326975e-06,
      "loss": 0.0199,
      "step": 1470
    },
    {
      "epoch": 1.3436223331820245,
      "grad_norm": 3.349975347518921,
      "learning_rate": 7.782107175295187e-06,
      "loss": 0.0749,
      "step": 1480
    },
    {
      "epoch": 1.3527008624602814,
      "grad_norm": 5.010752201080322,
      "learning_rate": 7.739418710263396e-06,
      "loss": 0.0776,
      "step": 1490
    },
    {
      "epoch": 1.3617793917385383,
      "grad_norm": 0.5963682532310486,
      "learning_rate": 7.696730245231607e-06,
      "loss": 0.0261,
      "step": 1500
    },
    {
      "epoch": 1.3617793917385383,
      "eval_accuracy": 0.9847178090482676,
      "eval_loss": 0.04412159323692322,
      "eval_runtime": 391.2867,
      "eval_samples_per_second": 16.89,
      "eval_steps_per_second": 2.114,
      "step": 1500
    },
    {
      "epoch": 1.3708579210167953,
      "grad_norm": 1.8998308181762695,
      "learning_rate": 7.654041780199819e-06,
      "loss": 0.0651,
      "step": 1510
    },
    {
      "epoch": 1.3799364502950522,
      "grad_norm": 1.2451438903808594,
      "learning_rate": 7.61135331516803e-06,
      "loss": 0.0673,
      "step": 1520
    },
    {
      "epoch": 1.389014979573309,
      "grad_norm": 0.25209882855415344,
      "learning_rate": 7.56866485013624e-06,
      "loss": 0.0259,
      "step": 1530
    },
    {
      "epoch": 1.398093508851566,
      "grad_norm": 2.227745294570923,
      "learning_rate": 7.525976385104452e-06,
      "loss": 0.0182,
      "step": 1540
    },
    {
      "epoch": 1.407172038129823,
      "grad_norm": 3.7981274127960205,
      "learning_rate": 7.483287920072662e-06,
      "loss": 0.0282,
      "step": 1550
    },
    {
      "epoch": 1.4162505674080799,
      "grad_norm": 3.03881573677063,
      "learning_rate": 7.4405994550408725e-06,
      "loss": 0.0351,
      "step": 1560
    },
    {
      "epoch": 1.4253290966863368,
      "grad_norm": 2.041034698486328,
      "learning_rate": 7.397910990009083e-06,
      "loss": 0.0293,
      "step": 1570
    },
    {
      "epoch": 1.4344076259645937,
      "grad_norm": 4.448300838470459,
      "learning_rate": 7.355222524977293e-06,
      "loss": 0.0713,
      "step": 1580
    },
    {
      "epoch": 1.4434861552428506,
      "grad_norm": 11.812846183776855,
      "learning_rate": 7.312534059945505e-06,
      "loss": 0.1085,
      "step": 1590
    },
    {
      "epoch": 1.4525646845211075,
      "grad_norm": 3.170200824737549,
      "learning_rate": 7.269845594913715e-06,
      "loss": 0.0726,
      "step": 1600
    },
    {
      "epoch": 1.4616432137993645,
      "grad_norm": 4.708265781402588,
      "learning_rate": 7.2271571298819255e-06,
      "loss": 0.0326,
      "step": 1610
    },
    {
      "epoch": 1.4707217430776214,
      "grad_norm": 0.04477240890264511,
      "learning_rate": 7.184468664850136e-06,
      "loss": 0.0288,
      "step": 1620
    },
    {
      "epoch": 1.4798002723558783,
      "grad_norm": 5.986836910247803,
      "learning_rate": 7.141780199818347e-06,
      "loss": 0.0499,
      "step": 1630
    },
    {
      "epoch": 1.4888788016341352,
      "grad_norm": 5.683204650878906,
      "learning_rate": 7.0990917347865576e-06,
      "loss": 0.0259,
      "step": 1640
    },
    {
      "epoch": 1.4979573309123921,
      "grad_norm": 3.7434146404266357,
      "learning_rate": 7.056403269754768e-06,
      "loss": 0.0699,
      "step": 1650
    },
    {
      "epoch": 1.507035860190649,
      "grad_norm": 1.6987524032592773,
      "learning_rate": 7.013714804722979e-06,
      "loss": 0.0337,
      "step": 1660
    },
    {
      "epoch": 1.516114389468906,
      "grad_norm": 1.7542240619659424,
      "learning_rate": 6.97102633969119e-06,
      "loss": 0.0775,
      "step": 1670
    },
    {
      "epoch": 1.525192918747163,
      "grad_norm": 0.06759431958198547,
      "learning_rate": 6.928337874659401e-06,
      "loss": 0.0638,
      "step": 1680
    },
    {
      "epoch": 1.5342714480254198,
      "grad_norm": 2.2785863876342773,
      "learning_rate": 6.885649409627611e-06,
      "loss": 0.033,
      "step": 1690
    },
    {
      "epoch": 1.5433499773036767,
      "grad_norm": 2.387561082839966,
      "learning_rate": 6.842960944595823e-06,
      "loss": 0.0314,
      "step": 1700
    },
    {
      "epoch": 1.5524285065819337,
      "grad_norm": 0.4333580434322357,
      "learning_rate": 6.800272479564033e-06,
      "loss": 0.0253,
      "step": 1710
    },
    {
      "epoch": 1.5615070358601906,
      "grad_norm": 1.6446776390075684,
      "learning_rate": 6.7575840145322435e-06,
      "loss": 0.0385,
      "step": 1720
    },
    {
      "epoch": 1.5705855651384475,
      "grad_norm": 1.842707633972168,
      "learning_rate": 6.714895549500455e-06,
      "loss": 0.0785,
      "step": 1730
    },
    {
      "epoch": 1.5796640944167044,
      "grad_norm": 0.8463741540908813,
      "learning_rate": 6.672207084468665e-06,
      "loss": 0.0436,
      "step": 1740
    },
    {
      "epoch": 1.5887426236949613,
      "grad_norm": 4.870041370391846,
      "learning_rate": 6.6295186194368756e-06,
      "loss": 0.0626,
      "step": 1750
    },
    {
      "epoch": 1.5978211529732183,
      "grad_norm": 7.317239284515381,
      "learning_rate": 6.586830154405086e-06,
      "loss": 0.0872,
      "step": 1760
    },
    {
      "epoch": 1.6068996822514752,
      "grad_norm": 3.545797109603882,
      "learning_rate": 6.544141689373297e-06,
      "loss": 0.0452,
      "step": 1770
    },
    {
      "epoch": 1.615978211529732,
      "grad_norm": 0.6024601459503174,
      "learning_rate": 6.5014532243415085e-06,
      "loss": 0.0692,
      "step": 1780
    },
    {
      "epoch": 1.625056740807989,
      "grad_norm": 0.13632626831531525,
      "learning_rate": 6.458764759309719e-06,
      "loss": 0.0356,
      "step": 1790
    },
    {
      "epoch": 1.634135270086246,
      "grad_norm": 2.242014169692993,
      "learning_rate": 6.416076294277929e-06,
      "loss": 0.0289,
      "step": 1800
    },
    {
      "epoch": 1.6432137993645028,
      "grad_norm": 3.971160888671875,
      "learning_rate": 6.37338782924614e-06,
      "loss": 0.0682,
      "step": 1810
    },
    {
      "epoch": 1.6522923286427598,
      "grad_norm": 3.7475509643554688,
      "learning_rate": 6.330699364214351e-06,
      "loss": 0.079,
      "step": 1820
    },
    {
      "epoch": 1.6613708579210167,
      "grad_norm": 2.393324375152588,
      "learning_rate": 6.2880108991825615e-06,
      "loss": 0.0858,
      "step": 1830
    },
    {
      "epoch": 1.6704493871992736,
      "grad_norm": 1.3278523683547974,
      "learning_rate": 6.245322434150773e-06,
      "loss": 0.0814,
      "step": 1840
    },
    {
      "epoch": 1.6795279164775305,
      "grad_norm": 1.6201834678649902,
      "learning_rate": 6.202633969118983e-06,
      "loss": 0.0646,
      "step": 1850
    },
    {
      "epoch": 1.6886064457557874,
      "grad_norm": 1.9179383516311646,
      "learning_rate": 6.1599455040871936e-06,
      "loss": 0.0708,
      "step": 1860
    },
    {
      "epoch": 1.6976849750340444,
      "grad_norm": 2.5672359466552734,
      "learning_rate": 6.117257039055405e-06,
      "loss": 0.0308,
      "step": 1870
    },
    {
      "epoch": 1.7067635043123013,
      "grad_norm": 0.570171594619751,
      "learning_rate": 6.074568574023615e-06,
      "loss": 0.0734,
      "step": 1880
    },
    {
      "epoch": 1.7158420335905582,
      "grad_norm": 0.2713046371936798,
      "learning_rate": 6.031880108991826e-06,
      "loss": 0.0479,
      "step": 1890
    },
    {
      "epoch": 1.7249205628688151,
      "grad_norm": 7.649987697601318,
      "learning_rate": 5.989191643960036e-06,
      "loss": 0.0418,
      "step": 1900
    },
    {
      "epoch": 1.733999092147072,
      "grad_norm": 0.996120274066925,
      "learning_rate": 5.9465031789282465e-06,
      "loss": 0.0851,
      "step": 1910
    },
    {
      "epoch": 1.743077621425329,
      "grad_norm": 0.4858108162879944,
      "learning_rate": 5.903814713896459e-06,
      "loss": 0.0382,
      "step": 1920
    },
    {
      "epoch": 1.7521561507035859,
      "grad_norm": 0.7737036347389221,
      "learning_rate": 5.861126248864669e-06,
      "loss": 0.0334,
      "step": 1930
    },
    {
      "epoch": 1.7612346799818428,
      "grad_norm": 2.849231481552124,
      "learning_rate": 5.8184377838328795e-06,
      "loss": 0.0327,
      "step": 1940
    },
    {
      "epoch": 1.7703132092600997,
      "grad_norm": 4.487915515899658,
      "learning_rate": 5.77574931880109e-06,
      "loss": 0.0562,
      "step": 1950
    },
    {
      "epoch": 1.7793917385383566,
      "grad_norm": 14.070038795471191,
      "learning_rate": 5.7330608537693e-06,
      "loss": 0.0556,
      "step": 1960
    },
    {
      "epoch": 1.7884702678166136,
      "grad_norm": 2.256105899810791,
      "learning_rate": 5.6903723887375116e-06,
      "loss": 0.0452,
      "step": 1970
    },
    {
      "epoch": 1.7975487970948705,
      "grad_norm": 7.971024990081787,
      "learning_rate": 5.647683923705722e-06,
      "loss": 0.0522,
      "step": 1980
    },
    {
      "epoch": 1.8066273263731274,
      "grad_norm": 6.337814807891846,
      "learning_rate": 5.604995458673933e-06,
      "loss": 0.0806,
      "step": 1990
    },
    {
      "epoch": 1.8157058556513843,
      "grad_norm": 0.16069866716861725,
      "learning_rate": 5.562306993642144e-06,
      "loss": 0.0628,
      "step": 2000
    },
    {
      "epoch": 1.8157058556513843,
      "eval_accuracy": 0.9857769707973975,
      "eval_loss": 0.03967013582587242,
      "eval_runtime": 390.6769,
      "eval_samples_per_second": 16.917,
      "eval_steps_per_second": 2.117,
      "step": 2000
    },
    {
      "epoch": 1.8247843849296412,
      "grad_norm": 5.473013877868652,
      "learning_rate": 5.519618528610355e-06,
      "loss": 0.0648,
      "step": 2010
    },
    {
      "epoch": 1.8338629142078984,
      "grad_norm": 2.305692434310913,
      "learning_rate": 5.476930063578565e-06,
      "loss": 0.0407,
      "step": 2020
    },
    {
      "epoch": 1.8429414434861553,
      "grad_norm": 2.259012222290039,
      "learning_rate": 5.434241598546776e-06,
      "loss": 0.0812,
      "step": 2030
    },
    {
      "epoch": 1.8520199727644122,
      "grad_norm": 0.7893211245536804,
      "learning_rate": 5.391553133514986e-06,
      "loss": 0.0697,
      "step": 2040
    },
    {
      "epoch": 1.8610985020426691,
      "grad_norm": 1.2732943296432495,
      "learning_rate": 5.348864668483197e-06,
      "loss": 0.0336,
      "step": 2050
    },
    {
      "epoch": 1.870177031320926,
      "grad_norm": 1.2151726484298706,
      "learning_rate": 5.306176203451409e-06,
      "loss": 0.0417,
      "step": 2060
    },
    {
      "epoch": 1.879255560599183,
      "grad_norm": 10.075321197509766,
      "learning_rate": 5.263487738419619e-06,
      "loss": 0.0504,
      "step": 2070
    },
    {
      "epoch": 1.88833408987744,
      "grad_norm": 1.2841534614562988,
      "learning_rate": 5.2207992733878296e-06,
      "loss": 0.0469,
      "step": 2080
    },
    {
      "epoch": 1.8974126191556968,
      "grad_norm": 1.5163298845291138,
      "learning_rate": 5.17811080835604e-06,
      "loss": 0.0244,
      "step": 2090
    },
    {
      "epoch": 1.9064911484339537,
      "grad_norm": 2.941771984100342,
      "learning_rate": 5.13542234332425e-06,
      "loss": 0.0748,
      "step": 2100
    },
    {
      "epoch": 1.9155696777122107,
      "grad_norm": 1.2218347787857056,
      "learning_rate": 5.092733878292462e-06,
      "loss": 0.0275,
      "step": 2110
    },
    {
      "epoch": 1.9246482069904676,
      "grad_norm": 0.27120715379714966,
      "learning_rate": 5.050045413260672e-06,
      "loss": 0.0304,
      "step": 2120
    },
    {
      "epoch": 1.9337267362687245,
      "grad_norm": 0.10533352196216583,
      "learning_rate": 5.007356948228883e-06,
      "loss": 0.0254,
      "step": 2130
    },
    {
      "epoch": 1.9428052655469814,
      "grad_norm": 1.4905030727386475,
      "learning_rate": 4.964668483197094e-06,
      "loss": 0.0394,
      "step": 2140
    },
    {
      "epoch": 1.9518837948252383,
      "grad_norm": 2.9162890911102295,
      "learning_rate": 4.921980018165304e-06,
      "loss": 0.0726,
      "step": 2150
    },
    {
      "epoch": 1.9609623241034952,
      "grad_norm": 1.736759901046753,
      "learning_rate": 4.8792915531335155e-06,
      "loss": 0.0414,
      "step": 2160
    },
    {
      "epoch": 1.9700408533817522,
      "grad_norm": 0.1582900434732437,
      "learning_rate": 4.836603088101726e-06,
      "loss": 0.0413,
      "step": 2170
    },
    {
      "epoch": 1.979119382660009,
      "grad_norm": 2.060256004333496,
      "learning_rate": 4.793914623069936e-06,
      "loss": 0.0302,
      "step": 2180
    },
    {
      "epoch": 1.988197911938266,
      "grad_norm": 2.719682455062866,
      "learning_rate": 4.751226158038147e-06,
      "loss": 0.0234,
      "step": 2190
    },
    {
      "epoch": 1.997276441216523,
      "grad_norm": 4.67454719543457,
      "learning_rate": 4.708537693006359e-06,
      "loss": 0.0347,
      "step": 2200
    },
    {
      "epoch": 2.00635497049478,
      "grad_norm": 0.5941385626792908,
      "learning_rate": 4.665849227974569e-06,
      "loss": 0.0368,
      "step": 2210
    },
    {
      "epoch": 2.015433499773037,
      "grad_norm": 3.895911931991577,
      "learning_rate": 4.62316076294278e-06,
      "loss": 0.0614,
      "step": 2220
    },
    {
      "epoch": 2.024512029051294,
      "grad_norm": 0.77426677942276,
      "learning_rate": 4.58047229791099e-06,
      "loss": 0.0189,
      "step": 2230
    },
    {
      "epoch": 2.033590558329551,
      "grad_norm": 8.765260696411133,
      "learning_rate": 4.5377838328792005e-06,
      "loss": 0.1215,
      "step": 2240
    },
    {
      "epoch": 2.0426690876078077,
      "grad_norm": 1.0152459144592285,
      "learning_rate": 4.495095367847412e-06,
      "loss": 0.042,
      "step": 2250
    },
    {
      "epoch": 2.0517476168860647,
      "grad_norm": 0.4190312325954437,
      "learning_rate": 4.452406902815622e-06,
      "loss": 0.0496,
      "step": 2260
    },
    {
      "epoch": 2.0608261461643216,
      "grad_norm": 9.032185554504395,
      "learning_rate": 4.409718437783833e-06,
      "loss": 0.0567,
      "step": 2270
    },
    {
      "epoch": 2.0699046754425785,
      "grad_norm": 2.084925413131714,
      "learning_rate": 4.367029972752044e-06,
      "loss": 0.0256,
      "step": 2280
    },
    {
      "epoch": 2.0789832047208354,
      "grad_norm": 0.378079354763031,
      "learning_rate": 4.324341507720254e-06,
      "loss": 0.0811,
      "step": 2290
    },
    {
      "epoch": 2.0880617339990923,
      "grad_norm": 1.0158321857452393,
      "learning_rate": 4.2816530426884656e-06,
      "loss": 0.0557,
      "step": 2300
    },
    {
      "epoch": 2.0971402632773493,
      "grad_norm": 1.3098617792129517,
      "learning_rate": 4.238964577656676e-06,
      "loss": 0.0652,
      "step": 2310
    },
    {
      "epoch": 2.106218792555606,
      "grad_norm": 3.065051555633545,
      "learning_rate": 4.196276112624886e-06,
      "loss": 0.0786,
      "step": 2320
    },
    {
      "epoch": 2.115297321833863,
      "grad_norm": 3.013770580291748,
      "learning_rate": 4.153587647593097e-06,
      "loss": 0.0512,
      "step": 2330
    },
    {
      "epoch": 2.12437585111212,
      "grad_norm": 1.2332382202148438,
      "learning_rate": 4.110899182561308e-06,
      "loss": 0.018,
      "step": 2340
    },
    {
      "epoch": 2.133454380390377,
      "grad_norm": 3.5657904148101807,
      "learning_rate": 4.068210717529519e-06,
      "loss": 0.0539,
      "step": 2350
    },
    {
      "epoch": 2.142532909668634,
      "grad_norm": 3.610431432723999,
      "learning_rate": 4.02552225249773e-06,
      "loss": 0.0628,
      "step": 2360
    },
    {
      "epoch": 2.1516114389468908,
      "grad_norm": 2.1455256938934326,
      "learning_rate": 3.98283378746594e-06,
      "loss": 0.0666,
      "step": 2370
    },
    {
      "epoch": 2.1606899682251477,
      "grad_norm": 0.6411203742027283,
      "learning_rate": 3.940145322434151e-06,
      "loss": 0.0596,
      "step": 2380
    },
    {
      "epoch": 2.1697684975034046,
      "grad_norm": 7.540278434753418,
      "learning_rate": 3.897456857402362e-06,
      "loss": 0.0668,
      "step": 2390
    },
    {
      "epoch": 2.1788470267816615,
      "grad_norm": 5.533684253692627,
      "learning_rate": 3.854768392370572e-06,
      "loss": 0.022,
      "step": 2400
    },
    {
      "epoch": 2.1879255560599185,
      "grad_norm": 6.993938446044922,
      "learning_rate": 3.8120799273387827e-06,
      "loss": 0.0348,
      "step": 2410
    },
    {
      "epoch": 2.1970040853381754,
      "grad_norm": 0.5373784303665161,
      "learning_rate": 3.769391462306994e-06,
      "loss": 0.0246,
      "step": 2420
    },
    {
      "epoch": 2.2060826146164323,
      "grad_norm": 1.0551363229751587,
      "learning_rate": 3.726702997275205e-06,
      "loss": 0.0386,
      "step": 2430
    },
    {
      "epoch": 2.215161143894689,
      "grad_norm": 0.3948950171470642,
      "learning_rate": 3.6840145322434152e-06,
      "loss": 0.0266,
      "step": 2440
    },
    {
      "epoch": 2.224239673172946,
      "grad_norm": 3.8309292793273926,
      "learning_rate": 3.641326067211626e-06,
      "loss": 0.112,
      "step": 2450
    },
    {
      "epoch": 2.233318202451203,
      "grad_norm": 1.287239909172058,
      "learning_rate": 3.5986376021798365e-06,
      "loss": 0.0527,
      "step": 2460
    },
    {
      "epoch": 2.24239673172946,
      "grad_norm": 0.208962544798851,
      "learning_rate": 3.5559491371480473e-06,
      "loss": 0.0264,
      "step": 2470
    },
    {
      "epoch": 2.251475261007717,
      "grad_norm": 0.13719910383224487,
      "learning_rate": 3.513260672116258e-06,
      "loss": 0.0426,
      "step": 2480
    },
    {
      "epoch": 2.260553790285974,
      "grad_norm": 2.5842912197113037,
      "learning_rate": 3.4705722070844686e-06,
      "loss": 0.0302,
      "step": 2490
    },
    {
      "epoch": 2.2696323195642307,
      "grad_norm": 4.794702529907227,
      "learning_rate": 3.4278837420526794e-06,
      "loss": 0.0421,
      "step": 2500
    },
    {
      "epoch": 2.2696323195642307,
      "eval_accuracy": 0.987138750189136,
      "eval_loss": 0.037316132336854935,
      "eval_runtime": 391.4668,
      "eval_samples_per_second": 16.883,
      "eval_steps_per_second": 2.113,
      "step": 2500
    },
    {
      "epoch": 2.2787108488424876,
      "grad_norm": 1.8965423107147217,
      "learning_rate": 3.3851952770208903e-06,
      "loss": 0.0357,
      "step": 2510
    },
    {
      "epoch": 2.2877893781207446,
      "grad_norm": 1.3427327871322632,
      "learning_rate": 3.342506811989101e-06,
      "loss": 0.0482,
      "step": 2520
    },
    {
      "epoch": 2.2968679073990015,
      "grad_norm": 0.23437421023845673,
      "learning_rate": 3.2998183469573116e-06,
      "loss": 0.031,
      "step": 2530
    },
    {
      "epoch": 2.3059464366772584,
      "grad_norm": 3.0490684509277344,
      "learning_rate": 3.2571298819255224e-06,
      "loss": 0.0364,
      "step": 2540
    },
    {
      "epoch": 2.3150249659555153,
      "grad_norm": 2.623936653137207,
      "learning_rate": 3.2144414168937332e-06,
      "loss": 0.0524,
      "step": 2550
    },
    {
      "epoch": 2.3241034952337722,
      "grad_norm": 0.3432004749774933,
      "learning_rate": 3.1717529518619437e-06,
      "loss": 0.0264,
      "step": 2560
    },
    {
      "epoch": 2.333182024512029,
      "grad_norm": 3.346608877182007,
      "learning_rate": 3.1290644868301545e-06,
      "loss": 0.0097,
      "step": 2570
    },
    {
      "epoch": 2.342260553790286,
      "grad_norm": 5.499476909637451,
      "learning_rate": 3.0863760217983653e-06,
      "loss": 0.0717,
      "step": 2580
    },
    {
      "epoch": 2.351339083068543,
      "grad_norm": 0.41625097393989563,
      "learning_rate": 3.043687556766576e-06,
      "loss": 0.0312,
      "step": 2590
    },
    {
      "epoch": 2.3604176123468,
      "grad_norm": 6.382680892944336,
      "learning_rate": 3.0009990917347866e-06,
      "loss": 0.0427,
      "step": 2600
    },
    {
      "epoch": 2.369496141625057,
      "grad_norm": 0.7297462224960327,
      "learning_rate": 2.958310626702997e-06,
      "loss": 0.0195,
      "step": 2610
    },
    {
      "epoch": 2.3785746709033138,
      "grad_norm": 0.33673515915870667,
      "learning_rate": 2.9156221616712083e-06,
      "loss": 0.0575,
      "step": 2620
    },
    {
      "epoch": 2.3876532001815707,
      "grad_norm": 0.34436023235321045,
      "learning_rate": 2.8729336966394187e-06,
      "loss": 0.0162,
      "step": 2630
    },
    {
      "epoch": 2.3967317294598276,
      "grad_norm": 2.988252878189087,
      "learning_rate": 2.8302452316076296e-06,
      "loss": 0.0906,
      "step": 2640
    },
    {
      "epoch": 2.4058102587380845,
      "grad_norm": 10.943586349487305,
      "learning_rate": 2.78755676657584e-06,
      "loss": 0.0734,
      "step": 2650
    },
    {
      "epoch": 2.4148887880163414,
      "grad_norm": 1.7074891328811646,
      "learning_rate": 2.7448683015440512e-06,
      "loss": 0.054,
      "step": 2660
    },
    {
      "epoch": 2.4239673172945984,
      "grad_norm": 7.04308557510376,
      "learning_rate": 2.7021798365122617e-06,
      "loss": 0.0648,
      "step": 2670
    },
    {
      "epoch": 2.4330458465728553,
      "grad_norm": 0.6648994088172913,
      "learning_rate": 2.659491371480472e-06,
      "loss": 0.0316,
      "step": 2680
    },
    {
      "epoch": 2.442124375851112,
      "grad_norm": 7.763615608215332,
      "learning_rate": 2.6168029064486833e-06,
      "loss": 0.0601,
      "step": 2690
    },
    {
      "epoch": 2.451202905129369,
      "grad_norm": 0.13164491951465607,
      "learning_rate": 2.5741144414168938e-06,
      "loss": 0.0126,
      "step": 2700
    },
    {
      "epoch": 2.460281434407626,
      "grad_norm": 0.9601553678512573,
      "learning_rate": 2.5314259763851046e-06,
      "loss": 0.0467,
      "step": 2710
    },
    {
      "epoch": 2.469359963685883,
      "grad_norm": 4.5769829750061035,
      "learning_rate": 2.488737511353315e-06,
      "loss": 0.0456,
      "step": 2720
    },
    {
      "epoch": 2.47843849296414,
      "grad_norm": 0.46815967559814453,
      "learning_rate": 2.4460490463215263e-06,
      "loss": 0.0254,
      "step": 2730
    },
    {
      "epoch": 2.487517022242397,
      "grad_norm": 0.21177873015403748,
      "learning_rate": 2.4033605812897367e-06,
      "loss": 0.0372,
      "step": 2740
    },
    {
      "epoch": 2.4965955515206537,
      "grad_norm": 2.8933372497558594,
      "learning_rate": 2.360672116257947e-06,
      "loss": 0.0941,
      "step": 2750
    },
    {
      "epoch": 2.5056740807989106,
      "grad_norm": 2.1172518730163574,
      "learning_rate": 2.3179836512261584e-06,
      "loss": 0.0481,
      "step": 2760
    },
    {
      "epoch": 2.5147526100771675,
      "grad_norm": 5.04565954208374,
      "learning_rate": 2.275295186194369e-06,
      "loss": 0.0482,
      "step": 2770
    },
    {
      "epoch": 2.5238311393554245,
      "grad_norm": 2.330465316772461,
      "learning_rate": 2.2326067211625797e-06,
      "loss": 0.0297,
      "step": 2780
    },
    {
      "epoch": 2.5329096686336814,
      "grad_norm": 0.6967125535011292,
      "learning_rate": 2.18991825613079e-06,
      "loss": 0.0394,
      "step": 2790
    },
    {
      "epoch": 2.5419881979119383,
      "grad_norm": 2.219001293182373,
      "learning_rate": 2.147229791099001e-06,
      "loss": 0.0324,
      "step": 2800
    },
    {
      "epoch": 2.5510667271901952,
      "grad_norm": 1.1661227941513062,
      "learning_rate": 2.1045413260672118e-06,
      "loss": 0.0266,
      "step": 2810
    },
    {
      "epoch": 2.560145256468452,
      "grad_norm": 5.98099946975708,
      "learning_rate": 2.061852861035422e-06,
      "loss": 0.0703,
      "step": 2820
    },
    {
      "epoch": 2.569223785746709,
      "grad_norm": 1.1507960557937622,
      "learning_rate": 2.019164396003633e-06,
      "loss": 0.0133,
      "step": 2830
    },
    {
      "epoch": 2.578302315024966,
      "grad_norm": 1.2915267944335938,
      "learning_rate": 1.976475930971844e-06,
      "loss": 0.0606,
      "step": 2840
    },
    {
      "epoch": 2.587380844303223,
      "grad_norm": 12.700723648071289,
      "learning_rate": 1.9337874659400547e-06,
      "loss": 0.0843,
      "step": 2850
    },
    {
      "epoch": 2.59645937358148,
      "grad_norm": 0.5230380892753601,
      "learning_rate": 1.8910990009082651e-06,
      "loss": 0.0118,
      "step": 2860
    },
    {
      "epoch": 2.6055379028597367,
      "grad_norm": 3.774869203567505,
      "learning_rate": 1.8484105358764762e-06,
      "loss": 0.0426,
      "step": 2870
    },
    {
      "epoch": 2.6146164321379937,
      "grad_norm": 0.7219511866569519,
      "learning_rate": 1.8057220708446868e-06,
      "loss": 0.0738,
      "step": 2880
    },
    {
      "epoch": 2.6236949614162506,
      "grad_norm": 7.690064907073975,
      "learning_rate": 1.7630336058128974e-06,
      "loss": 0.0515,
      "step": 2890
    },
    {
      "epoch": 2.6327734906945075,
      "grad_norm": 3.5173487663269043,
      "learning_rate": 1.720345140781108e-06,
      "loss": 0.0433,
      "step": 2900
    },
    {
      "epoch": 2.6418520199727644,
      "grad_norm": 2.2881367206573486,
      "learning_rate": 1.6776566757493187e-06,
      "loss": 0.0752,
      "step": 2910
    },
    {
      "epoch": 2.6509305492510213,
      "grad_norm": 1.5829788446426392,
      "learning_rate": 1.6349682107175296e-06,
      "loss": 0.0192,
      "step": 2920
    },
    {
      "epoch": 2.6600090785292783,
      "grad_norm": 2.5713303089141846,
      "learning_rate": 1.5922797456857404e-06,
      "loss": 0.0188,
      "step": 2930
    },
    {
      "epoch": 2.669087607807535,
      "grad_norm": 0.6311995387077332,
      "learning_rate": 1.549591280653951e-06,
      "loss": 0.0183,
      "step": 2940
    },
    {
      "epoch": 2.678166137085792,
      "grad_norm": 0.031568363308906555,
      "learning_rate": 1.5069028156221619e-06,
      "loss": 0.0585,
      "step": 2950
    },
    {
      "epoch": 2.687244666364049,
      "grad_norm": 0.18702156841754913,
      "learning_rate": 1.4642143505903725e-06,
      "loss": 0.0925,
      "step": 2960
    },
    {
      "epoch": 2.696323195642306,
      "grad_norm": 0.44595587253570557,
      "learning_rate": 1.4215258855585831e-06,
      "loss": 0.0979,
      "step": 2970
    },
    {
      "epoch": 2.705401724920563,
      "grad_norm": 0.1420091986656189,
      "learning_rate": 1.3788374205267938e-06,
      "loss": 0.0284,
      "step": 2980
    },
    {
      "epoch": 2.7144802541988198,
      "grad_norm": 3.1309196949005127,
      "learning_rate": 1.3361489554950046e-06,
      "loss": 0.0334,
      "step": 2990
    },
    {
      "epoch": 2.7235587834770767,
      "grad_norm": 0.055360596626996994,
      "learning_rate": 1.2934604904632152e-06,
      "loss": 0.0495,
      "step": 3000
    },
    {
      "epoch": 2.7235587834770767,
      "eval_accuracy": 0.9875926766530488,
      "eval_loss": 0.03661428764462471,
      "eval_runtime": 391.4025,
      "eval_samples_per_second": 16.885,
      "eval_steps_per_second": 2.113,
      "step": 3000
    }
  ],
  "logging_steps": 10,
  "max_steps": 3303,
  "num_input_tokens_seen": 0,
  "num_train_epochs": 3,
  "save_steps": 500,
  "stateful_callbacks": {
    "TrainerControl": {
      "args": {
        "should_epoch_stop": false,
        "should_evaluate": false,
        "should_log": false,
        "should_save": true,
        "should_training_stop": false
      },
      "attributes": {}
    }
  },
  "total_flos": 0.0,
  "train_batch_size": 3,
  "trial_name": null,
  "trial_params": null
}
